/Guides/Injection-Checklist-and-Steps/index.{html} /Guides/Injection-Checklist-and-Steps/
/index.html /
/.trash/Untitled/index.{html} /.trash/Untitled/
/Atomic-Notes/index.{html} /Atomic-Notes/
/private/Inbox/Cities-Are-Capitalist-Gardens/index.{html} /private/Inbox/Cities-Are-Capitalist-Gardens/
/private/Inbox/Digital-Gardens-Neocities-and-Internet-Freedom/index.{html} /private/Inbox/Digital-Gardens-Neocities-and-Internet-Freedom/
/private/Netbook/My-Netbook/index.{html} /private/Netbook/My-Netbook/
/private/Netbook/Netbook-Notes/index.{html} /private/Netbook/Netbook-Notes/
/private/Netbook/Working-on-a-Netbook-in-2023/index.{html} /private/Netbook/Working-on-a-Netbook-in-2023/
/private/templates/post/index.{html} /private/templates/post/
/Curate-Your-Experience/index.{html} /Curate-Your-Experience/
/Guides/Setting-Up-a-Personal-Site-with-Hugo-and-GitHub-Pages/index.{html} /Guides/Setting-Up-a-Personal-Site-with-Hugo-and-GitHub-Pages/
/Progressive-Summarization/index.{html} /Progressive-Summarization/
/Second-Brain/index.{html} /Second-Brain/
/private/Inbox/Random-Ideas/index.{html} /private/Inbox/Random-Ideas/
/private/Netbook/Void-Linux/index.{html} /private/Netbook/Void-Linux/
/Guides/How-to-Self-Administer-Medical-Injections-Sustainably/index.{html} /Guides/How-to-Self-Administer-Medical-Injections-Sustainably/
/PARA-Method/index.{html} /PARA-Method/
/Guides/A-Beginners-Guide-to-Makeup-for-Trans-Women/index.{html} /Guides/A-Beginners-Guide-to-Makeup-for-Trans-Women/
/private/Inbox/Site-Setup-Notes/index.{html} /private/Inbox/Site-Setup-Notes/
